{
    "MSE": 2.1825475929454003,
    "RMSE": 1.477344777953136,
    "MAE": 1.1548283686782375,
    "R2": 0.9769019416129842
}
